Name,Gender,AllPpl,C1,C2,C3,C4,C5,C6 ,C7,C8
Scotland,All,3970530,344228,802545,513038,294610,326930,616404,514036,198630
Scotland,Males,1939961,219866,345357,139574,205131,237551,224264,303586,95963
Scotland,Females,2030569,124362,457188,373464,89479,89379,392140,210450,102667
Abbey,All,8430,615,1708,981,1099,677,1530,1123,287
Abbey,Males,4074,384,656,243,748,463,568,699,133
Abbey,Females,4356,231,1052,738,351,214,962,424,154
"Aboyne, Upper Deeside and Donside",All,7914,986,1748,823,1092,770,1112,813,143
"Aboyne, Upper Deeside and Donside",Males,3943,697,723,175,700,553,360,486,46
"Aboyne, Upper Deeside and Donside",Females,3971,289,1025,648,392,217,752,327,97
"Abronhill, Kildrum and the Village",All,11413,502,1958,1923,630,1011,2137,1818,550
"Abronhill, Kildrum and the Village",Males,5494,314,820,509,475,722,785,1175,284
"Abronhill, Kildrum and the Village",Females,5919,188,1138,1414,155,289,1352,643,266
Aird and Loch Ness,All,8495,810,2017,971,1323,805,1122,838,190
Aird and Loch Ness,Males,4191,521,824,235,872,568,372,519,93
Aird and Loch Ness,Females,4304,289,1193,736,451,237,750,319,97
Airdrie Central,All,11938,580,1997,1669,669,1014,2142,2131,979
Airdrie Central,Males,5669,383,784,465,513,719,741,1274,476
Airdrie Central,Females,6269,197,1213,1204,156,295,1401,857,503
Airdrie North,All,14742,722,2405,2043,1011,1328,2490,2752,1031
Airdrie North,Males,7254,449,990,500,771,979,868,1757,487
Airdrie North,Females,7488,273,1415,1543,240,349,1622,995,544
Airdrie South,All,14608,924,2875,2408,925,1243,2283,2209,746
Airdrie South,Males,6984,587,1222,602,689,928,780,1401,345
Airdrie South,Females,7624,337,1653,1806,236,315,1503,808,401
Airyhall / Broomhill / Garthdee,All,12107,1895,2955,1554,623,896,1434,938,343
Airyhall / Broomhill / Garthdee,Males,5968,1246,1266,404,423,671,544,581,153
Airyhall / Broomhill / Garthdee,Females,6139,649,1689,1150,200,225,890,357,190
Almond,All,17862,2898,4802,2891,1372,1038,1954,1247,433
Almond,Males,8598,1880,2151,746,880,735,687,711,211
Almond,Females,9264,1018,2651,2145,492,303,1267,536,222
Almond and Earn,All,8502,915,2176,1112,932,590,1008,740,165
Almond and Earn,Males,4159,596,899,273,635,436,351,452,83
Almond and Earn,Females,4343,319,1277,839,297,154,657,288,82
An Taobh Siar agus Nis,All,2368,100,495,273,272,219,435,393,68
An Taobh Siar agus Nis,Males,1227,60,191,75,214,163,148,292,38
An Taobh Siar agus Nis,Females,1141,40,304,198,58,56,287,101,30
Anderston / City,All,27013,3014,4030,1774,876,1084,1829,1652,1351
Anderston / City,Males,14338,1844,2223,765,643,811,933,932,726
Anderston / City,Females,12675,1170,1807,1009,233,273,896,720,625
Annandale East and Eskdale,All,8637,437,1451,959,1310,821,1645,1335,247
Annandale East and Eskdale,Males,4243,269,577,212,913,570,563,830,113
Annandale East and Eskdale,Females,4394,168,874,747,397,251,1082,505,134
Annandale North,All,10249,689,1959,1079,1467,910,1954,1335,358
Annandale North,Males,5033,472,780,228,1018,608,689,844,158
Annandale North,Females,5216,217,1179,851,449,302,1265,491,200
Annandale South,All,10667,546,1904,1152,1058,1116,2327,1682,394
Annandale South,Males,5224,360,789,250,743,801,855,1037,197
Annandale South,Females,5443,186,1115,902,315,315,1472,645,197
Annick,All,9305,918,2156,1266,882,724,1258,1044,363
Annick,Males,4411,555,894,322,589,537,437,587,175
Annick,Females,4894,363,1262,944,293,187,821,457,188
Arbroath East and Lunan,All,11981,545,2027,1212,1022,1237,2303,1985,821
Arbroath East and Lunan,Males,5883,351,842,361,681,888,863,1091,397
Arbroath East and Lunan,Females,6098,194,1185,851,341,349,1440,894,424
Arbroath West and Letham,All,11566,769,2551,1473,1061,1102,1907,1535,399
Arbroath West and Letham,Males,5619,558,1056,377,689,812,701,880,189
Arbroath West and Letham,Females,5947,211,1495,1096,372,290,1206,655,210
Ardrossan and Arran,All,13024,808,2470,1552,1233,1291,2319,1689,799
Ardrossan and Arran,Males,6173,547,1004,378,783,924,781,975,403
Ardrossan and Arran,Females,6851,261,1466,1174,450,367,1538,714,396
Armadale and Blackridge,All,11345,803,2169,1698,767,1048,1858,1936,534
Armadale and Blackridge,Males,5541,489,963,463,551,768,652,1201,227
Armadale and Blackridge,Females,5804,314,1206,1235,216,280,1206,735,307
Avondale and Stonehouse,All,12329,1349,2987,1682,1184,887,1624,1315,481
Avondale and Stonehouse,Males,6041,913,1268,424,825,637,488,848,251
Avondale and Stonehouse,Females,6288,436,1719,1258,359,250,1136,467,230
Ayr East,All,10751,846,2542,1487,787,961,1741,1194,431
Ayr East,Males,5078,581,1097,391,546,693,505,709,211
Ayr East,Females,5673,265,1445,1096,241,268,1236,485,220
Ayr North,All,12458,398,1878,1364,700,1345,2592,2252,1019
Ayr North,Males,5918,266,806,403,502,950,848,1258,486
Ayr North,Females,6540,132,1072,961,198,395,1744,994,533
Ayr West,All,10811,1503,3142,1326,927,681,1224,790,486
Ayr West,Males,5326,1058,1350,330,582,482,421,464,257
Ayr West,Females,5485,445,1792,996,345,199,803,326,229
Badenoch and Strathspey,All,10147,762,2248,1033,1423,1138,1672,1233,216
Badenoch and Strathspey,Males,5006,481,966,258,904,779,572,750,96
Badenoch and Strathspey,Females,5141,281,1282,775,519,359,1100,483,120
Baillieston,All,23861,1048,3897,3302,1418,2043,4399,3984,1826
Baillieston,Males,11166,644,1583,825,1145,1434,1500,2236,889
Baillieston,Females,12695,404,2314,2477,273,609,2899,1748,937
Ballochmyle,All,11177,449,1768,1190,1007,1130,2026,2103,743
Ballochmyle,Males,5481,298,688,314,709,822,719,1243,339
Ballochmyle,Females,5696,151,1080,876,298,308,1307,860,404
Banchory and Mid Deeside,All,7876,1324,1963,878,798,653,1005,615,121
Banchory and Mid Deeside,Males,3954,966,814,185,505,490,327,373,47
Banchory and Mid Deeside,Females,3922,358,1149,693,293,163,678,242,74
Banff and District,All,8392,423,1481,742,1122,841,1629,1407,295
Banff and District,Males,4174,282,636,140,734,627,530,875,143
Banff and District,Females,4218,141,845,602,388,214,1099,532,152
Bannockburn,All,8645,430,1341,1055,538,916,1662,1697,480
Bannockburn,Males,4156,262,574,263,384,675,569,994,228
Bannockburn,Females,4489,168,767,792,154,241,1093,703,252
"Barraigh, Bhatarsaigh, Eirisgeigh agus Uibhist a Deas",All,2278,96,470,215,297,248,421,352,80
"Barraigh, Bhatarsaigh, Eirisgeigh agus Uibhist a Deas",Males,1161,58,194,55,229,185,144,203,42
"Barraigh, Bhatarsaigh, Eirisgeigh agus Uibhist a Deas",Females,1117,38,276,160,68,63,277,149,38
Barrhead,All,13069,879,2533,1991,752,1111,2304,1668,800
Barrhead,Males,6207,577,1013,514,566,834,860,970,406
Barrhead,Females,6862,302,1520,1477,186,277,1444,698,394
Bathgate,All,15488,1246,3274,2438,900,1223,2440,2387,701
Bathgate,Males,7556,789,1469,652,626,844,923,1538,324
Bathgate,Females,7932,457,1805,1786,274,379,1517,849,377
Bearsden North,All,9906,2137,3020,1390,743,375,731,323,200
Bearsden North,Males,4764,1349,1269,359,498,265,242,185,92
Bearsden North,Females,5142,788,1751,1031,245,110,489,138,108
Bearsden South,All,9639,1932,2944,1370,787,428,760,343,213
Bearsden South,Males,4664,1194,1219,363,565,311,255,215,94
Bearsden South,Females,4975,738,1725,1007,222,117,505,128,119
Beinn na Foghla agus Uibhist a Tuath,All,2224,126,530,240,274,203,363,327,73
Beinn na Foghla agus Uibhist a Tuath,Males,1131,85,242,80,213,140,97,200,35
Beinn na Foghla agus Uibhist a Tuath,Females,1093,41,288,160,61,63,266,127,38
Bellshill,All,11308,515,1787,1552,630,1121,2167,2084,750
Bellshill,Males,5433,324,743,419,454,820,799,1228,341
Bellshill,Females,5875,191,1044,1133,176,301,1368,856,409
Bishopbriggs North and Torrance,All,10479,1408,2902,1712,853,638,1044,634,232
Bishopbriggs North and Torrance,Males,5047,898,1236,422,617,496,345,397,123
Bishopbriggs North and Torrance,Females,5432,510,1666,1290,236,142,699,237,109
Bishopbriggs South,All,8775,747,2037,1576,649,673,1184,816,333
Bishopbriggs South,Males,4199,492,843,418,490,528,400,497,169
Bishopbriggs South,Females,4576,255,1194,1158,159,145,784,319,164
"Bishopton, Bridge of Weir and Langbank",All,8513,1271,2404,1304,572,530,902,613,218
"Bishopton, Bridge of Weir and Langbank",Males,4236,840,1111,334,394,395,328,377,110
"Bishopton, Bridge of Weir and Langbank",Females,4277,431,1293,970,178,135,574,236,108
Black Isle,All,7644,911,1952,915,1058,588,963,652,146
Black Isle,Males,3702,581,784,205,739,431,277,433,53
Black Isle,Females,3942,330,1168,710,319,157,686,219,93
Blairgowrie and Glens,All,7926,615,1800,902,957,692,1291,983,284
Blairgowrie and Glens,Males,3838,414,748,218,602,481,465,585,137
Blairgowrie and Glens,Females,4088,201,1052,684,355,211,826,398,147
Blantyre,All,13103,629,2101,1842,752,1297,2548,2323,854
Blantyre,Males,6211,379,861,492,577,933,847,1361,439
Blantyre,Females,6892,250,1240,1350,175,364,1701,962,415
Bo'ness and Blackness,All,11407,774,2158,1520,704,1226,2229,1814,419
Bo'ness and Blackness,Males,5576,510,1023,385,487,913,789,1027,183
Bo'ness and Blackness,Females,5831,264,1135,1135,217,313,1440,787,236
Bonnybridge and Larbert,All,12123,1114,2954,1775,880,1040,1712,1463,462
Bonnybridge and Larbert,Males,5898,726,1291,474,611,806,562,881,207
Bonnybridge and Larbert,Females,6225,388,1663,1301,269,234,1150,582,255
Bonnyrigg,All,11666,912,2341,2007,894,983,1958,1438,438
Bonnyrigg,Males,5606,596,1058,508,638,749,662,876,201
Bonnyrigg,Females,6060,316,1283,1499,256,234,1296,562,237
Bothwell and Uddingston,All,8959,1331,2279,1292,715,555,1039,742,279
Bothwell and Uddingston,Males,4320,823,964,337,470,392,385,453,134
Bothwell and Uddingston,Females,4639,508,1315,955,245,163,654,289,145
Brechin and Edzell,All,8538,570,1666,965,851,919,1442,1238,381
Brechin and Edzell,Males,4241,383,688,230,594,688,570,702,167
Brechin and Edzell,Females,4297,187,978,735,257,231,872,536,214
Bridge of Don,All,14163,1536,3243,2406,881,1338,2149,1320,234
Bridge of Don,Males,7018,1086,1554,572,613,1050,655,871,108
Bridge of Don,Females,7145,450,1689,1834,268,288,1494,449,126
"Broxburn, Uphall and Winchburgh",All,14784,1135,2797,2272,997,1288,2468,2301,562
"Broxburn, Uphall and Winchburgh",Males,7223,685,1239,610,710,960,903,1408,294
"Broxburn, Uphall and Winchburgh",Females,7561,450,1558,1662,287,328,1565,893,268
"Buckhaven, Methil and Wemyss Villages",All,13323,329,1558,1316,712,1383,3164,2777,1295
"Buckhaven, Methil and Wemyss Villages",Males,6392,225,633,345,508,1009,1144,1603,585
"Buckhaven, Methil and Wemyss Villages",Females,6931,104,925,971,204,374,2020,1174,710
Buckie,All,7154,246,1075,680,602,989,1614,1317,300
Buckie,Males,3509,170,517,146,394,773,512,717,144
Buckie,Females,3645,76,558,534,208,216,1102,600,156
"Burntisland, Kinghorn and Western Kirkcaldy",All,10814,1085,2665,1478,869,885,1548,1187,448
"Burntisland, Kinghorn and Western Kirkcaldy",Males,5297,726,1153,399,540,653,539,758,228
"Burntisland, Kinghorn and Western Kirkcaldy",Females,5517,359,1512,1079,329,232,1009,429,220
"Busby, Clarkston and Eaglesham Ward",All,10103,1450,2883,1586,798,560,1015,525,257
"Busby, Clarkston and Eaglesham Ward",Males,4827,959,1205,438,549,406,310,323,131
"Busby, Clarkston and Eaglesham Ward",Females,5276,491,1678,1148,249,154,705,202,126
Calton,All,18623,904,2177,1741,678,1212,3071,3400,2134
Calton,Males,9404,538,1055,622,522,838,1283,1826,1045
Calton,Females,9219,366,1122,1119,156,374,1788,1574,1089
Cambuslang East,All,11227,826,2328,1663,804,939,1816,1473,700
Cambuslang East,Males,5406,499,989,475,589,700,619,886,342
Cambuslang East,Females,5821,327,1339,1188,215,239,1197,587,358
Cambuslang West,All,11815,1152,2622,1824,848,907,1716,1322,613
Cambuslang West,Males,5720,721,1117,496,629,682,610,816,315
Cambuslang West,Females,6095,431,1505,1328,219,225,1106,506,298
Campsie and Kirkintilloch North,All,9021,951,2335,1313,678,695,1238,759,370
Campsie and Kirkintilloch North,Males,4367,598,923,376,500,519,441,494,213
Campsie and Kirkintilloch North,Females,4654,353,1412,937,178,176,797,265,157
Canal,All,24068,1587,3138,2238,944,1602,4021,3991,2581
Canal,Males,11447,872,1262,660,710,1071,1607,2102,1274
Canal,Females,12621,715,1876,1578,234,531,2414,1889,1307
Caol and Mallaig,All,6450,351,1325,594,865,725,1232,919,167
Caol and Mallaig,Males,3151,219,522,132,579,524,409,563,77
Caol and Mallaig,Females,3299,132,803,462,286,201,823,356,90
Carnoustie and District,All,9772,813,2540,1457,801,839,1374,1051,265
Carnoustie and District,Males,4692,534,1063,422,536,639,485,608,131
Carnoustie and District,Females,5080,279,1477,1035,265,200,889,443,134
Carse of Gowrie,All,7229,1101,1857,961,689,562,878,622,162
Carse of Gowrie,Males,3614,655,752,254,472,424,364,403,88
Carse of Gowrie,Females,3615,446,1105,707,217,138,514,219,74
"Carse, Kinnaird and Tryst",All,14590,1049,3247,2176,918,1452,2297,1995,563
"Carse, Kinnaird and Tryst",Males,7105,674,1416,561,636,1129,748,1261,284
"Carse, Kinnaird and Tryst",Females,7485,375,1831,1615,282,323,1549,734,279
Castle,All,10332,773,1580,896,533,651,1314,1251,712
Castle,Males,4880,494,709,244,352,446,492,668,279
Castle,Females,5452,279,871,652,181,205,822,583,433
Castle Douglas and Glenkens,All,7520,551,1429,811,1293,593,1300,893,279
Castle Douglas and Glenkens,Males,3643,329,553,170,885,418,465,537,112
Castle Douglas and Glenkens,Females,3877,222,876,641,408,175,835,356,167
Central Buchan,All,10030,731,1900,1115,1252,1082,1623,1501,291
Central Buchan,Males,5029,494,802,258,863,834,513,922,120
Central Buchan,Females,5001,237,1098,857,389,248,1110,579,171
City Centre,All,21619,3754,4398,1528,1098,755,1308,963,644
City Centre,Males,11134,2280,2212,594,689,519,598,565,328
City Centre,Females,10485,1474,2186,934,409,236,710,398,316
Clackmannanshire Central,All,6373,266,1040,768,409,668,1241,1157,471
Clackmannanshire Central,Males,3046,173,428,198,285,472,450,671,217
Clackmannanshire Central,Females,3327,93,612,570,124,196,791,486,254
Clackmannanshire East,All,5240,653,1229,607,423,386,721,582,260
Clackmannanshire East,Males,2532,458,529,118,278,273,253,325,127
Clackmannanshire East,Females,2708,195,700,489,145,113,468,257,133
Clackmannanshire North,All,8404,585,1739,1065,535,825,1473,1269,377
Clackmannanshire North,Males,4108,376,733,271,364,610,575,743,180
Clackmannanshire North,Females,4296,209,1006,794,171,215,898,526,197
Clackmannanshire South,All,9230,577,1645,1149,505,839,1719,1582,650
Clackmannanshire South,Males,4460,372,695,308,325,614,675,925,322
Clackmannanshire South,Females,4770,205,950,841,180,225,1044,657,328
Clackmannanshire West,All,9524,637,1809,1213,573,924,1544,1624,644
Clackmannanshire West,Males,4912,412,784,351,404,695,614,994,404
Clackmannanshire West,Females,4612,225,1025,862,169,229,930,630,240
Clydebank Central,All,11251,451,1701,1724,604,974,2225,1866,857
Clydebank Central,Males,5374,275,696,449,474,694,787,1143,439
Clydebank Central,Females,5877,176,1005,1275,130,280,1438,723,418
Clydebank Waterfront,All,12029,579,2113,2002,565,1070,2230,1749,900
Clydebank Waterfront,Males,5751,373,835,541,427,805,830,1085,497
Clydebank Waterfront,Females,6278,206,1278,1461,138,265,1400,664,403
Clydesdale East,All,9436,950,2158,1024,1228,811,1361,1058,383
Clydesdale East,Males,4722,586,910,256,846,555,463,686,207
Clydesdale East,Females,4714,364,1248,768,382,256,898,372,176
Clydesdale North,All,11064,911,2444,1436,979,901,1714,1472,581
Clydesdale North,Males,5408,606,1053,384,663,660,529,948,290
Clydesdale North,Females,5656,305,1391,1052,316,241,1185,524,291
Clydesdale South,All,11044,675,2054,1295,1001,922,2001,1873,673
Clydesdale South,Males,5372,439,844,322,716,685,627,1199,311
Clydesdale South,Females,5672,236,1210,973,285,237,1374,674,362
Clydesdale West,All,14635,1243,3429,2184,994,1162,2036,1953,687
Clydesdale West,Males,7111,803,1407,598,711,887,707,1241,328
Clydesdale West,Females,7524,440,2022,1586,283,275,1329,712,359
Coatbridge North and Glenboig,All,14344,814,2575,2125,882,1222,2583,2335,868
Coatbridge North and Glenboig,Males,7055,499,1086,597,666,903,970,1476,450
Coatbridge North and Glenboig,Females,7289,315,1489,1528,216,319,1613,859,418
Coatbridge South,All,11221,543,1898,1708,646,1019,2043,1953,697
Coatbridge South,Males,5414,334,775,451,510,769,726,1221,328
Coatbridge South,Females,5807,209,1123,1257,136,250,1317,732,369
Coatbridge West,All,11316,461,1676,1503,630,1007,2230,2194,817
Coatbridge West,Males,5387,257,667,373,495,710,809,1335,409
Coatbridge West,Females,5929,204,1009,1130,135,297,1421,859,408
Coldside,All,15665,857,2429,1690,731,1196,2432,2340,1174
Coldside,Males,8026,525,1038,528,563,876,1049,1338,632
Coldside,Females,7639,332,1391,1162,168,320,1383,1002,542
Colinton / Fairmilehead,All,17268,3066,4871,2576,1205,759,1724,1066,504
Colinton / Fairmilehead,Males,8400,1964,2106,737,837,530,566,597,233
Colinton / Fairmilehead,Females,8868,1102,2765,1839,368,229,1158,469,271
Corstorphine / Murrayfield,All,16462,3136,4510,2684,1162,783,1545,949,407
Corstorphine / Murrayfield,Males,7890,1941,1984,737,767,571,557,535,172
Corstorphine / Murrayfield,Females,8572,1195,2526,1947,395,212,988,414,235
Cowal,All,5325,428,1301,583,835,400,831,546,161
Cowal,Males,2620,273,562,152,553,262,282,353,66
Cowal,Females,2705,155,739,431,282,138,549,193,95
Cowdenbeath,All,10566,420,1595,1403,692,1043,2058,2124,657
Cowdenbeath,Males,5179,276,702,359,496,762,745,1259,328
Cowdenbeath,Females,5387,144,893,1044,196,281,1313,865,329
Craigentinny / Duddingston,All,19688,1900,4364,3205,1416,1380,2752,2107,925
Craigentinny / Duddingston,Males,9587,1205,1857,980,1044,995,1114,1155,454
Craigentinny / Duddingston,Females,10101,695,2507,2225,372,385,1638,952,471
Craigton,All,21915,887,3574,3330,967,1811,4320,3429,1828
Craigton,Males,10152,531,1431,877,768,1271,1631,1984,867
Craigton,Females,11763,356,2143,2453,199,540,2689,1445,961
Cromarty Firth,All,9403,472,1638,972,736,1046,1908,1648,498
Cromarty Firth,Males,4583,332,702,223,487,753,678,967,198
Cromarty Firth,Females,4820,140,936,749,249,293,1230,681,300
Culloden and Ardersier,All,8918,712,1979,1208,784,907,1528,1068,244
Culloden and Ardersier,Males,4402,440,842,366,535,642,543,693,127
Culloden and Ardersier,Females,4516,272,1137,842,249,265,985,375,117
Cumbernauld North,All,13388,1597,3411,2282,1076,888,1551,1083,356
Cumbernauld North,Males,6536,1001,1507,613,793,662,529,704,160
Cumbernauld North,Females,6852,596,1904,1669,283,226,1022,379,196
Cumbernauld South,All,14832,720,2652,2451,877,1269,2658,2290,778
Cumbernauld South,Males,7189,460,1098,670,656,913,1029,1438,379
Cumbernauld South,Females,7643,260,1554,1781,221,356,1629,852,399
Cumnock and New Cumnock,All,10828,393,1696,1208,877,1133,1987,2137,684
Cumnock and New Cumnock,Males,5315,246,639,276,653,839,737,1291,334
Cumnock and New Cumnock,Females,5513,147,1057,932,224,294,1250,846,350
Cupar,All,10490,1207,2605,1252,885,797,1476,1091,389
Cupar,Males,5085,785,1115,313,577,583,529,614,200
Cupar,Females,5405,422,1490,939,308,214,947,477,189
Dalkeith,All,8707,465,1429,1313,604,856,1631,1478,445
Dalkeith,Males,4208,296,599,320,449,643,586,891,210
Dalkeith,Females,4499,169,830,993,155,213,1045,587,235
Dalry and West Kilbride,All,8488,779,1823,1030,781,808,1176,1040,497
Dalry and West Kilbride,Males,4065,502,728,266,530,614,394,570,230
Dalry and West Kilbride,Females,4423,277,1095,764,251,194,782,470,267
Dee,All,6901,456,1322,653,1210,556,1311,828,249
Dee,Males,3383,310,526,162,799,365,475,470,114
Dee,Females,3518,146,796,491,411,191,836,358,135
Denny and Banknock,All,13925,789,2589,2075,1035,1293,2249,2377,705
Denny and Banknock,Males,6755,513,1064,537,753,964,716,1505,369
Denny and Banknock,Females,7170,276,1525,1538,282,329,1533,872,336
Dingwall and Seaforth,All,8831,575,1809,1190,806,882,1576,1251,310
Dingwall and Seaforth,Males,4275,411,749,284,558,666,486,807,125
Dingwall and Seaforth,Females,4556,164,1060,906,248,216,1090,444,185
Doon Valley,All,8363,230,1141,860,598,931,1794,1744,602
Doon Valley,Males,4041,151,466,234,428,665,582,1030,293
Doon Valley,Females,4322,79,675,626,170,266,1212,714,309
Drum Brae / Gyle,All,16348,2106,3961,3018,1164,1038,2032,1336,548
Drum Brae / Gyle,Males,7913,1294,1775,879,836,769,734,786,238
Drum Brae / Gyle,Females,8435,812,2186,2139,328,269,1298,550,310
Drumchapel / Anniesland,All,21151,1108,3238,2721,960,1598,3819,3498,2389
Drumchapel / Anniesland,Males,9773,624,1272,761,735,1132,1435,1903,1114
Drumchapel / Anniesland,Females,11378,484,1966,1960,225,466,2384,1595,1275
Dumbarton,All,12681,813,2701,1892,666,1116,2184,1718,693
Dumbarton,Males,6186,515,1128,600,484,813,886,1009,347
Dumbarton,Females,6495,298,1573,1292,182,303,1298,709,346
Dunbar and East Linton,All,9556,1093,2202,1142,994,757,1423,1140,320
Dunbar and East Linton,Males,4652,739,915,266,639,546,508,655,167
Dunbar and East Linton,Females,4904,354,1287,876,355,211,915,485,153
Dunblane and Bridge of Allan,All,12174,1974,3089,1129,776,527,960,563,261
Dunblane and Bridge of Allan,Males,5772,1285,1333,269,446,365,318,306,118
Dunblane and Bridge of Allan,Females,6402,689,1756,860,330,162,642,257,143
Dunfermline Central,All,14405,1675,3689,2305,941,1071,1847,1360,615
Dunfermline Central,Males,7134,1162,1675,676,605,771,629,853,329
Dunfermline Central,Females,7271,513,2014,1629,336,300,1218,507,286
Dunfermline North,All,10437,914,2411,1671,607,830,1599,1296,497
Dunfermline North,Males,5051,642,1074,464,409,611,535,793,253
Dunfermline North,Females,5386,272,1337,1207,198,219,1064,503,244
Dunfermline South,All,15637,1579,3730,2528,888,1226,2290,1786,659
Dunfermline South,Males,7714,1055,1769,779,581,882,803,1082,320
Dunfermline South,Females,7923,524,1961,1749,307,344,1487,704,339
Dunoon,All,5610,281,1108,719,567,501,995,813,290
Dunoon,Males,2691,189,477,213,370,342,318,482,156
Dunoon,Females,2919,92,631,506,197,159,677,331,134
Dyce / Bucksburn / Danestone,All,14367,1384,3174,2252,796,1569,2265,1749,300
Dyce / Bucksburn / Danestone,Males,7151,951,1470,565,543,1212,805,1079,131
Dyce / Bucksburn / Danestone,Females,7216,433,1704,1687,253,357,1460,670,169
East Berwickshire,All,7819,540,1524,753,1147,671,1488,1074,250
East Berwickshire,Males,3867,359,691,160,762,477,557,577,118
East Berwickshire,Females,3952,181,833,593,385,194,931,497,132
East Centre,All,23266,1289,3446,2725,982,1789,3935,4022,2359
East Centre,Males,11732,704,1496,882,767,1263,1678,2267,1270
East Centre,Females,11534,585,1950,1843,215,526,2257,1755,1089
East End,All,11696,393,1643,1452,580,998,2318,2321,1080
East End,Males,5424,253,655,353,440,693,811,1252,524
East End,Females,6272,140,988,1099,140,305,1507,1069,556
East Garioch,All,9530,1568,2532,1458,760,857,1089,677,118
East Garioch,Males,4734,1091,1133,312,482,677,362,423,42
East Garioch,Females,4796,477,1399,1146,278,180,727,254,76
East Kilbride Central North,All,13074,999,2771,2289,779,1192,2009,1544,512
East Kilbride Central North,Males,6440,670,1206,655,580,882,719,974,277
East Kilbride Central North,Females,6634,329,1565,1634,199,310,1290,570,235
East Kilbride Central South,All,10298,547,1940,1779,579,986,1759,1496,411
East Kilbride Central South,Males,4949,369,827,508,433,693,633,889,229
East Kilbride Central South,Females,5349,178,1113,1271,146,293,1126,607,182
East Kilbride East,All,9081,592,1973,1575,607,784,1437,1073,366
East Kilbride East,Males,4421,395,839,439,470,571,541,654,196
East Kilbride East,Females,4660,197,1134,1136,137,213,896,419,170
East Kilbride South,All,11404,741,2084,1706,699,1034,2058,1736,453
East Kilbride South,Males,5481,486,916,476,523,749,710,1020,222
East Kilbride South,Females,5923,255,1168,1230,176,285,1348,716,231
East Kilbride West,All,11841,1694,3308,2033,939,635,1119,708,247
East Kilbride West,Males,5831,1145,1490,547,672,482,379,444,119
East Kilbride West,Females,6010,549,1818,1486,267,153,740,264,128
East Livingston and East Calder,All,15283,1073,2738,2493,923,1370,2579,2389,677
East Livingston and East Calder,Males,7475,660,1195,684,617,979,1042,1461,336
East Livingston and East Calder,Females,7808,413,1543,1809,306,391,1537,928,341
"East Mainland, South Ronaldsay and Burray",All,2455,155,501,248,491,196,436,281,33
"East Mainland, South Ronaldsay and Burray",Males,1234,87,210,51,325,137,167,203,11
"East Mainland, South Ronaldsay and Burray",Females,1221,68,291,197,166,59,269,78,22
East Neuk and Landward,All,9240,973,2005,922,1409,822,1344,935,258
East Neuk and Landward,Males,4574,634,860,198,967,576,426,518,133
East Neuk and Landward,Females,4666,339,1145,724,442,246,918,417,125
East Sutherland and Edderton,All,5514,330,1071,567,791,623,937,735,198
East Sutherland and Edderton,Males,2704,225,440,116,542,420,306,442,98
East Sutherland and Edderton,Females,2810,105,631,451,249,203,631,293,100
Eilean a' Chèo,All,7644,505,1720,710,1408,617,1193,951,219
Eilean a' Chèo,Males,3793,321,732,197,942,427,362,556,107
Eilean a' Chèo,Females,3851,184,988,513,466,190,831,395,112
Elgin City North,All,8541,470,1796,1010,476,867,1677,1442,360
Elgin City North,Males,4110,318,903,298,303,615,554,793,158
Elgin City North,Females,4431,152,893,712,173,252,1123,649,202
Elgin City South,All,8326,490,1670,999,542,944,1620,1293,270
Elgin City South,Males,4042,327,775,287,341,694,557,755,107
Elgin City South,Females,4284,163,895,712,201,250,1063,538,163
Ellon and District,All,10998,1301,2769,1509,879,1072,1531,1045,197
Ellon and District,Males,5452,931,1270,327,553,839,489,659,79
Ellon and District,Females,5546,370,1499,1182,326,233,1042,386,118
Erskine and Inchinnan,All,12964,1015,2977,2360,716,1213,1975,1264,343
Erskine and Inchinnan,Males,6262,659,1315,598,523,919,757,799,181
Erskine and Inchinnan,Females,6702,356,1662,1762,193,294,1218,465,162
Fa'side,All,13438,963,2777,1994,1180,1135,2335,1828,502
Fa'side,Males,6581,622,1167,475,862,846,826,1202,246
Fa'side,Females,6857,341,1610,1519,318,289,1509,626,256
Falkirk North,All,14830,929,2805,1998,917,1411,2558,2439,911
Falkirk North,Males,7387,594,1289,586,654,1074,934,1414,450
Falkirk North,Females,7443,335,1516,1412,263,337,1624,1025,461
Falkirk South,All,13949,1011,2620,1870,874,1386,2363,2247,798
Falkirk South,Males,6853,667,1138,500,620,1050,810,1296,406
Falkirk South,Females,7096,344,1482,1370,254,336,1553,951,392
Fauldhouse and the Breich Valley,All,12186,653,1824,1555,906,1203,2275,2413,739
Fauldhouse and the Breich Valley,Males,6166,399,771,395,682,879,876,1485,427
Fauldhouse and the Breich Valley,Females,6020,254,1053,1160,224,324,1399,928,312
Fochabers Lhanbryde,All,7634,508,1689,915,794,807,1323,1003,218
Fochabers Lhanbryde,Males,3783,341,732,235,508,611,494,614,90
Fochabers Lhanbryde,Females,3851,167,957,680,286,196,829,389,128
Forfar and District,All,11598,650,2183,1338,941,1152,2016,2049,543
Forfar and District,Males,5673,427,889,315,639,859,761,1217,251
Forfar and District,Females,5925,223,1294,1023,302,293,1255,832,292
Forres,All,11218,823,2667,1536,974,1070,1885,1295,403
Forres,Males,5589,579,1281,490,597,791,647,764,198
Forres,Females,5629,244,1386,1046,377,279,1238,531,205
Fort William and Ardnamurchan,All,8213,476,1740,752,1092,888,1546,1149,228
Fort William and Ardnamurchan,Males,4058,307,755,172,699,594,607,668,92
Fort William and Ardnamurchan,Females,4155,169,985,580,393,294,939,481,136
Forth,All,24457,2607,4671,3001,1540,1694,3687,3461,1724
Forth,Males,11821,1542,2080,885,1057,1144,1468,1845,790
Forth,Females,12636,1065,2591,2116,483,550,2219,1616,934
Forth and Endrick,All,8976,1600,2474,919,1205,530,868,529,211
Forth and Endrick,Males,4251,1045,975,180,762,365,279,272,89
Forth and Endrick,Females,4725,555,1499,739,443,165,589,257,122
Fortissat,All,11629,442,1775,1404,766,1114,2197,2443,820
Fortissat,Males,5946,291,741,323,572,831,845,1599,441
Fortissat,Females,5683,151,1034,1081,194,283,1352,844,379
Fountainbridge / Craiglockhart,All,19782,3591,4847,2252,968,915,1682,1084,584
Fountainbridge / Craiglockhart,Males,9876,2107,2179,736,657,645,715,623,303
Fountainbridge / Craiglockhart,Females,9906,1484,2668,1516,311,270,967,461,281
Fraserburgh and District,All,11621,529,1653,1040,1028,1455,2318,2403,413
Fraserburgh and District,Males,5787,380,821,225,762,1139,751,1218,164
Fraserburgh and District,Females,5834,149,832,815,266,316,1567,1185,249
Galashiels and District,All,10969,719,2174,1300,928,846,1872,1506,545
Galashiels and District,Males,5329,472,949,418,657,619,705,888,282
Galashiels and District,Females,5640,247,1225,882,271,227,1167,618,263
Garscadden / Scotstounhill,All,21400,1325,3768,2803,1096,1637,3558,3104,2223
Garscadden / Scotstounhill,Males,10356,777,1495,791,836,1154,1476,1763,1196
Garscadden / Scotstounhill,Females,11044,548,2273,2012,260,483,2082,1341,1027
George St / Harbour,All,16591,1425,2333,1310,396,1116,1726,1414,441
George St / Harbour,Males,8777,992,1184,487,281,852,856,895,218
George St / Harbour,Females,7814,433,1149,823,115,264,870,519,223
Giffnock and Thornliebank,All,9882,1519,2630,1511,755,470,1064,525,425
Giffnock and Thornliebank,Males,4731,944,1097,417,550,362,361,331,179
Giffnock and Thornliebank,Females,5151,575,1533,1094,205,108,703,194,246
Girvan and South Carrick,All,7326,270,1078,704,869,760,1566,1264,398
Girvan and South Carrick,Males,3511,184,389,152,574,552,605,692,185
Girvan and South Carrick,Females,3815,86,689,552,295,208,961,572,213
Glenrothes Central and Thornton,All,10570,415,1746,1315,670,1134,2282,1700,594
Glenrothes Central and Thornton,Males,5159,301,763,359,459,785,878,1014,257
Glenrothes Central and Thornton,Females,5411,114,983,956,211,349,1404,686,337
"Glenrothes North, Leslie and Markinch",All,13683,983,2840,1813,980,1336,2450,1704,714
"Glenrothes North, Leslie and Markinch",Males,6651,663,1245,467,663,947,913,1020,354
"Glenrothes North, Leslie and Markinch",Females,7032,320,1595,1346,317,389,1537,684,360
Glenrothes West and Kinglassie,All,13634,566,2419,1721,753,1365,2871,2214,796
Glenrothes West and Kinglassie,Males,6534,388,1022,497,517,982,1091,1248,360
Glenrothes West and Kinglassie,Females,7100,178,1397,1224,236,383,1780,966,436
Govan,All,23154,1360,3434,2826,1053,1764,3838,3753,2580
Govan,Males,11901,840,1559,936,809,1258,1711,2164,1270
Govan,Females,11253,520,1875,1890,244,506,2127,1589,1310
Grangemouth,All,12932,425,1969,1824,630,1514,2473,2635,758
Grangemouth,Males,6284,298,909,387,409,1159,884,1561,364
Grangemouth,Females,6648,127,1060,1437,221,355,1589,1074,394
Greater Pollok,All,23810,1253,3632,3077,1306,1879,4628,3690,2193
Greater Pollok,Males,11123,742,1456,856,1013,1346,1604,2113,960
Greater Pollok,Females,12687,511,2176,2221,293,533,3024,1577,1233
Haddington and Lammermuir,All,9439,1045,2253,1088,980,707,1450,1045,318
Haddington and Lammermuir,Males,4625,687,962,261,643,495,516,647,160
Haddington and Lammermuir,Females,4814,358,1291,827,337,212,934,398,158
Hamilton North and East,All,11831,1050,2564,1650,823,870,1853,1530,653
Hamilton North and East,Males,5847,667,1179,510,609,626,655,884,334
Hamilton North and East,Females,5984,383,1385,1140,214,244,1198,646,319
Hamilton South,All,14285,1074,2849,2098,895,1238,2371,2104,789
Hamilton South,Males,6894,718,1232,579,686,891,788,1228,410
Hamilton South,Females,7391,356,1617,1519,209,347,1583,876,379
Hamilton West and Earnock,All,14255,1146,2899,2115,943,1216,2316,1921,793
Hamilton West and Earnock,Males,6926,703,1251,631,705,852,828,1123,400
Hamilton West and Earnock,Females,7329,443,1648,1484,238,364,1488,798,393
Hawick and Denholm,All,6947,341,1097,695,781,539,1292,1475,365
Hawick and Denholm,Males,3339,239,462,177,548,358,447,786,166
Hawick and Denholm,Females,3608,102,635,518,233,181,845,689,199
Hawick and Hermitage,All,6591,361,1173,724,754,551,1114,1349,234
Hawick and Hermitage,Males,3309,263,519,173,525,406,447,726,120
Hawick and Hermitage,Females,3282,98,654,551,229,145,667,623,114
Hazlehead / Ashley / Queens Cross,All,14206,3423,3905,1765,817,808,1179,644,293
Hazlehead / Ashley / Queens Cross,Males,7228,2244,1751,407,539,629,459,400,120
Hazlehead / Ashley / Queens Cross,Females,6978,1179,2154,1358,278,179,720,244,173
Heldon and Laich,All,10936,699,2571,1624,871,1065,1797,1239,275
Heldon and Laich,Males,5711,489,1382,715,555,776,606,660,128
Heldon and Laich,Females,5225,210,1189,909,316,289,1191,579,147
Helensburgh Central,All,6982,876,1774,893,556,486,944,677,290
Helensburgh Central,Males,3388,616,799,248,358,330,293,359,147
Helensburgh Central,Females,3594,260,975,645,198,156,651,318,143
Helensburgh and Lomond South,All,5394,568,1610,864,439,339,648,370,159
Helensburgh and Lomond South,Males,2629,390,825,276,268,236,207,174,72
Helensburgh and Lomond South,Females,2765,178,785,588,171,103,441,196,87
Highland,All,6845,598,1483,554,1146,774,1074,773,141
Highland,Males,3385,414,560,107,704,512,434,415,71
Highland,Females,3460,184,923,447,442,262,640,358,70
Hillhead,All,23025,3830,4571,1611,939,832,1521,1022,1209
Hillhead,Males,11340,2161,2070,695,627,609,722,584,529
Hillhead,Females,11685,1669,2501,916,312,223,799,438,680
Hilton / Stockethill,All,11746,953,1969,1351,509,1119,1934,1974,403
Hilton / Stockethill,Males,5812,623,849,343,362,829,748,1156,174
Hilton / Stockethill,Females,5934,330,1120,1008,147,290,1186,818,229
"Houston, Crosslee and Linwood",All,11727,1090,2481,1799,659,1021,1690,1498,546
"Houston, Crosslee and Linwood",Males,5596,698,1022,422,464,761,586,916,281
"Houston, Crosslee and Linwood",Females,6131,392,1459,1377,195,260,1104,582,265
Howe of Fife and Tay Coast,All,10926,1187,2627,1276,1177,932,1551,1197,331
Howe of Fife and Tay Coast,Males,5411,760,1096,296,801,689,547,745,169
Howe of Fife and Tay Coast,Females,5515,427,1531,980,376,243,1004,452,162
"Huntly, Strathbogie and Howe of Alford",All,10926,1072,2171,1224,1448,1051,1751,1367,281
"Huntly, Strathbogie and Howe of Alford",Males,5510,730,873,239,1013,786,570,882,130
"Huntly, Strathbogie and Howe of Alford",Females,5416,342,1298,985,435,265,1181,485,151
Inverclyde East,All,12842,996,2057,1540,751,979,2437,2407,719
Inverclyde East,Males,6161,662,831,424,528,656,881,1374,331
Inverclyde East,Females,6681,334,1226,1116,223,323,1556,1033,388
Inverclyde East Central,All,10517,424,1614,1338,445,871,2100,2139,787
Inverclyde East Central,Males,5093,260,710,455,339,606,744,1226,377
Inverclyde East Central,Females,5424,164,904,883,106,265,1356,913,410
Inverclyde North,All,11550,831,2358,1740,578,811,1881,1707,698
Inverclyde North,Males,5644,559,980,594,420,572,722,1023,360
Inverclyde North,Females,5906,272,1378,1146,158,239,1159,684,338
Inverclyde South,All,8741,316,1333,1248,366,766,1812,1680,566
Inverclyde South,Males,4219,195,545,374,288,545,702,982,286
Inverclyde South,Females,4522,121,788,874,78,221,1110,698,280
Inverclyde South West,All,8965,673,1838,1320,522,646,1466,1303,408
Inverclyde South West,Males,4236,452,839,396,385,472,480,705,171
Inverclyde South West,Females,4729,221,999,924,137,174,986,598,237
Inverclyde West,All,8278,809,2056,1434,464,629,1145,817,246
Inverclyde West,Males,4049,554,905,448,334,470,393,504,128
Inverclyde West,Females,4229,255,1151,986,130,159,752,313,118
Inverkeithing and Dalgety Bay,All,12848,1614,3297,2056,928,905,1730,1118,384
Inverkeithing and Dalgety Bay,Males,6340,1144,1512,595,598,663,595,670,180
Inverkeithing and Dalgety Bay,Females,6508,470,1785,1461,330,242,1135,448,204
Inverleith,All,23556,5543,6772,2746,1623,988,1815,1262,617
Inverleith,Males,11362,3185,2980,759,1034,663,671,705,277
Inverleith,Females,12194,2358,3792,1987,589,325,1144,557,340
Inverness Central,All,10496,634,1715,1095,760,1060,2121,1938,642
Inverness Central,Males,5260,369,748,353,520,710,801,1188,318
Inverness Central,Females,5236,265,967,742,240,350,1320,750,324
Inverness Milburn,All,6431,626,1604,877,426,543,1045,716,190
Inverness Milburn,Males,3112,406,738,266,279,366,350,452,101
Inverness Milburn,Females,3319,220,866,611,147,177,695,264,89
Inverness Ness-Side,All,8599,737,2118,1183,606,853,1373,1032,219
Inverness Ness-Side,Males,4143,490,925,276,415,588,467,660,115
Inverness Ness-Side,Females,4456,247,1193,907,191,265,906,372,104
Inverness South,All,9442,1040,2651,1412,762,853,1289,714,236
Inverness South,Males,4539,668,1165,331,498,652,415,492,101
Inverness South,Females,4903,372,1486,1081,264,201,874,222,135
Inverness West,All,6561,390,1384,993,503,646,1166,875,263
Inverness West,Males,3200,245,560,287,366,459,413,575,141
Inverness West,Females,3361,145,824,706,137,187,753,300,122
Inverurie and District,All,9854,1002,2252,1349,612,1043,1530,1362,213
Inverurie and District,Males,4858,703,988,306,379,799,497,868,99
Inverurie and District,Females,4996,299,1264,1043,233,244,1033,494,114
Irvine East,All,15250,806,2710,2026,977,1602,2766,2296,853
Irvine East,Males,7265,529,1096,517,690,1160,1000,1338,403
Irvine East,Females,7985,277,1614,1509,287,442,1766,958,450
Irvine Valley,All,11422,780,2122,1415,1200,1046,1753,1720,672
Irvine Valley,Males,5819,521,893,350,807,795,703,1047,386
Irvine Valley,Females,5603,259,1229,1065,393,251,1050,673,286
Irvine West,All,14533,575,2300,1718,867,1459,2866,2530,1231
Irvine West,Males,6892,379,1003,435,619,1040,1017,1400,567
Irvine West,Females,7641,196,1297,1283,248,419,1849,1130,664
Isle of Bute,All,4755,258,871,581,663,418,804,676,238
Isle of Bute,Males,2318,171,328,163,441,285,296,408,122
Isle of Bute,Females,2437,87,543,418,222,133,508,268,116
Jedburgh and District,All,6856,555,1371,709,1011,568,1150,947,213
Jedburgh and District,Males,3327,393,546,151,664,396,393,542,102
Jedburgh and District,Females,3529,162,825,558,347,172,757,405,111
"Johnstone North, Kilbarchan and Lochwinnoch",All,10164,878,2123,1459,664,816,1543,1389,605
"Johnstone North, Kilbarchan and Lochwinnoch",Males,4914,561,901,367,480,585,593,820,305
"Johnstone North, Kilbarchan and Lochwinnoch",Females,5250,317,1222,1092,184,231,950,569,300
"Johnstone South, Elderslie and Howwood",All,12826,875,2496,1854,781,1143,2149,1835,743
"Johnstone South, Elderslie and Howwood",Males,6111,528,1038,506,568,820,773,1046,369
"Johnstone South, Elderslie and Howwood",Females,6715,347,1458,1348,213,323,1376,789,374
Keith and Cullen,All,7604,401,1249,825,966,810,1500,1273,225
Keith and Cullen,Males,3782,269,551,155,677,612,508,778,94
Keith and Cullen,Females,3822,132,698,670,289,198,992,495,131
Kelso and District,All,7275,527,1502,801,912,675,1373,933,244
Kelso and District,Males,3490,346,620,179,598,481,516,503,121
Kelso and District,Females,3785,181,882,622,314,194,857,430,123
Kilbirnie and Beith,All,11230,604,1922,1458,831,1139,2001,1733,795
Kilbirnie and Beith,Males,5459,396,803,359,548,830,752,1004,415
Kilbirnie and Beith,Females,5771,208,1119,1099,283,309,1249,729,380
Kilmarnock East and Hurlford,All,11405,518,1948,1542,681,1129,2256,1824,685
Kilmarnock East and Hurlford,Males,5439,365,804,403,484,850,837,980,325
Kilmarnock East and Hurlford,Females,5966,153,1144,1139,197,279,1419,844,360
Kilmarnock North,All,9435,696,1950,1193,651,809,1519,1217,667
Kilmarnock North,Males,4484,455,826,344,442,590,554,670,298
Kilmarnock North,Females,4951,241,1124,849,209,219,965,547,369
Kilmarnock South,All,8004,230,1083,1045,436,776,1674,1531,684
Kilmarnock South,Males,3757,159,431,280,332,572,625,794,319
Kilmarnock South,Females,4247,71,652,765,104,204,1049,737,365
Kilmarnock West and Crosshouse,All,11837,944,2683,1693,854,1028,1793,1447,610
Kilmarnock West and Crosshouse,Males,5860,624,1163,477,615,770,725,820,328
Kilmarnock West and Crosshouse,Females,5977,320,1520,1216,239,258,1068,627,282
Kilpatrick,All,9181,449,1627,1576,493,807,1623,1271,605
Kilpatrick,Males,4282,285,662,426,390,590,553,773,269
Kilpatrick,Females,4899,164,965,1150,103,217,1070,498,336
Kilsyth,All,8991,444,1544,1236,739,872,1585,1519,464
Kilsyth,Males,4318,289,631,296,584,624,499,910,224
Kilsyth,Females,4673,155,913,940,155,248,1086,609,240
Kilwinning,All,12848,647,2391,1719,829,1339,2238,1896,753
Kilwinning,Males,6130,411,978,443,565,989,813,1063,380
Kilwinning,Females,6718,236,1413,1276,264,350,1425,833,373
Kincorth / Loirston,All,12070,935,2352,1899,726,1379,2033,1724,291
Kincorth / Loirston,Males,5878,634,1051,430,501,1062,680,1081,112
Kincorth / Loirston,Females,6192,301,1301,1469,225,317,1353,643,179
Kingswells / Sheddocksley,All,10872,1161,2188,1540,661,1028,1716,1561,378
Kingswells / Sheddocksley,Males,5236,777,931,344,461,764,607,904,160
Kingswells / Sheddocksley,Females,5636,384,1257,1196,200,264,1109,657,218
Kinross-shire,All,9349,1366,2569,1095,1069,616,1052,764,223
Kinross-shire,Males,4524,925,1039,287,690,434,334,431,108
Kinross-shire,Females,4825,441,1530,808,379,182,718,333,115
Kintyre and the Islands,All,4413,258,854,421,799,394,773,592,136
Kintyre and the Islands,Males,2157,155,319,82,545,262,310,350,54
Kintyre and the Islands,Females,2256,103,535,339,254,132,463,242,82
Kirkcaldy Central,All,10735,700,1990,1242,668,932,1959,1672,783
Kirkcaldy Central,Males,5211,478,889,357,447,648,681,1000,367
Kirkcaldy Central,Females,5524,222,1101,885,221,284,1278,672,416
Kirkcaldy East,All,10599,511,1830,1256,655,1026,2047,1827,790
Kirkcaldy East,Males,5244,324,776,390,477,732,755,1062,432
Kirkcaldy East,Females,5355,187,1054,866,178,294,1292,765,358
Kirkcaldy North,All,11654,682,2398,1718,724,1098,2131,1658,536
Kirkcaldy North,Males,5540,454,1033,474,531,784,727,993,234
Kirkcaldy North,Females,6114,228,1365,1244,193,314,1404,665,302
Kirkintilloch East and Twechar,All,9465,483,1790,1413,573,865,1701,1354,542
Kirkintilloch East and Twechar,Males,4523,317,719,375,439,630,567,833,284
Kirkintilloch East and Twechar,Females,4942,166,1071,1038,134,235,1134,521,258
Kirkwall East,All,3395,186,708,374,328,380,669,525,76
Kirkwall East,Males,1650,118,324,81,208,256,243,320,35
Kirkwall East,Females,1745,68,384,293,120,124,426,205,41
Kirkwall West and Orphir,All,2995,171,563,327,342,326,562,479,80
Kirkwall West and Orphir,Males,1475,107,254,71,214,233,194,320,33
Kirkwall West and Orphir,Females,1520,64,309,256,128,93,368,159,47
Kirriemuir and Dean,All,7903,680,1777,851,938,705,1179,1032,262
Kirriemuir and Dean,Males,3941,461,697,191,650,521,462,613,120
Kirriemuir and Dean,Females,3962,219,1080,660,288,184,717,419,142
Kyle,All,8569,635,1690,1030,874,806,1437,1119,401
Kyle,Males,4123,413,731,255,601,553,471,659,198
Kyle,Females,4446,222,959,775,273,253,966,460,203
Landward Caithness,All,8040,626,1533,875,1225,846,1307,993,279
Landward Caithness,Males,4078,415,687,191,839,657,394,617,130
Landward Caithness,Females,3962,211,846,684,386,189,913,376,149
Langside,All,18607,2511,5321,2875,1028,1089,2116,1361,876
Langside,Males,9169,1359,2320,1011,782,828,878,867,414
Langside,Females,9438,1152,3001,1864,246,261,1238,494,462
Larkhall,All,14059,735,2505,1921,1059,1309,2461,2428,827
Larkhall,Males,6677,488,1045,450,796,925,792,1417,418
Larkhall,Females,7382,247,1460,1471,263,384,1669,1011,409
Leaderdale and Melrose,All,7797,922,2001,962,1030,487,1054,695,241
Leaderdale and Melrose,Males,3761,581,792,254,680,340,373,419,126
Leaderdale and Melrose,Females,4036,341,1209,708,350,147,681,276,115
Leith,All,20365,2714,5054,2529,1292,1500,2537,2125,1057
Leith,Males,10383,1613,2361,896,910,1035,1076,1216,545
Leith,Females,9982,1101,2693,1633,382,465,1461,909,512
Leith Walk,All,27309,3937,6802,3224,1500,1877,3051,2299,1151
Leith Walk,Males,13824,2307,3164,1213,1018,1321,1358,1311,536
Leith Walk,Females,13485,1630,3638,2011,482,556,1693,988,615
Lenzie and Kirkintilloch South,All,10171,1390,2846,1612,656,562,1152,704,350
Lenzie and Kirkintilloch South,Males,4946,930,1155,436,496,418,444,442,186
Lenzie and Kirkintilloch South,Females,5225,460,1691,1176,160,144,708,262,164
Lerwick North,All,2453,128,465,251,154,299,508,495,65
Lerwick North,Males,1309,85,218,69,113,218,176,344,43
Lerwick North,Females,1144,43,247,182,41,81,332,151,22
Lerwick South,All,3380,209,758,385,252,372,675,503,71
Lerwick South,Males,1682,134,368,88,178,260,222,322,31
Lerwick South,Females,1698,75,390,297,74,112,453,181,40
Leven,All,13931,594,2326,2017,770,1405,2819,2104,956
Leven,Males,6680,376,973,598,564,997,1040,1240,475
Leven,Females,7251,218,1353,1419,206,408,1779,864,481
"Leven, Kennoway and Largo",All,13592,725,2579,1603,1011,1359,2684,2075,717
"Leven, Kennoway and Largo",Males,6602,498,1050,405,697,1014,970,1246,345
"Leven, Kennoway and Largo",Females,6990,227,1529,1198,314,345,1714,829,372
Liberton / Gilmerton,All,24165,2267,4565,3304,1795,1840,3747,3121,1534
Liberton / Gilmerton,Males,11590,1400,1854,860,1335,1289,1400,1756,659
Liberton / Gilmerton,Females,12575,867,2711,2444,460,551,2347,1365,875
Linlithgow,All,11306,1998,3160,1593,721,702,1238,869,271
Linlithgow,Males,5560,1287,1439,405,449,507,417,532,141
Linlithgow,Females,5746,711,1721,1188,272,195,821,337,130
Linn,All,21861,1295,3649,3046,1166,1649,3876,3492,2029
Linn,Males,10217,777,1469,814,908,1176,1409,1931,968
Linn,Females,11644,518,2180,2232,258,473,2467,1561,1061
Livingston North,All,17354,1501,3614,2906,950,1450,2671,2434,696
Livingston North,Males,8566,989,1750,816,647,1025,982,1524,299
Livingston North,Females,8788,512,1864,2090,303,425,1689,910,397
Livingston South,All,17528,1598,3393,2741,990,1426,2912,2390,781
Livingston South,Males,8462,1088,1539,755,649,986,1060,1423,357
Livingston South,Females,9066,510,1854,1986,341,440,1852,967,424
Loch a Tuath,All,2021,122,457,279,188,197,312,297,67
Loch a Tuath,Males,1025,72,199,63,144,150,102,209,38
Loch a Tuath,Females,996,50,258,216,44,47,210,88,29
Lochar,All,8819,570,1983,1269,822,793,1616,1089,221
Lochar,Males,4273,377,808,320,583,589,607,674,109
Lochar,Females,4546,193,1175,949,239,204,1009,415,112
Lochee,All,13854,680,2348,1936,708,1179,2387,2282,1140
Lochee,Males,6545,411,897,534,532,826,997,1257,565
Lochee,Females,7309,269,1451,1402,176,353,1390,1025,575
Lochgelly and Cardenden,All,9523,313,1330,1146,616,1011,1982,1920,649
Lochgelly and Cardenden,Males,4648,218,556,297,448,752,632,1215,296
Lochgelly and Cardenden,Females,4875,95,774,849,168,259,1350,705,353
Lomond,All,8793,468,1685,1315,586,878,1582,1243,473
Lomond,Males,4220,308,700,396,421,640,590,683,222
Lomond,Females,4573,160,985,919,165,238,992,560,251
Lomond North,All,6730,675,1653,1363,616,504,791,600,214
Lomond North,Males,3750,468,897,817,379,331,270,333,101
Lomond North,Females,2980,207,756,546,237,173,521,267,113
Lower Braes,All,10567,861,2367,1593,666,1018,1540,1391,535
Lower Braes,Males,5411,550,1102,421,457,786,542,896,368
Lower Braes,Females,5156,311,1265,1172,209,232,998,495,167
Lower Deeside,All,10781,2375,2837,1294,843,593,1046,522,302
Lower Deeside,Males,5278,1630,1103,272,532,444,347,327,118
Lower Deeside,Females,5503,745,1734,1022,311,149,699,195,184
Maryfield,All,13523,817,2215,1499,650,989,1833,1552,847
Maryfield,Males,6943,509,972,518,475,695,800,910,444
Maryfield,Females,6580,308,1243,981,175,294,1033,642,403
Maryhill / Kelvin,All,22366,2179,4261,2518,1079,1557,3216,2747,1665
Maryhill / Kelvin,Males,10668,1245,1730,749,805,1104,1275,1517,812
Maryhill / Kelvin,Females,11698,934,2531,1769,274,453,1941,1230,853
"Maybole, North Carrick and Coylton",All,10770,682,2255,1270,1180,1100,1713,1358,491
"Maybole, North Carrick and Coylton",Males,5257,433,947,308,815,806,608,798,225
"Maybole, North Carrick and Coylton",Females,5513,249,1308,962,365,294,1105,560,266
Meadows / Morningside,All,27883,5873,6308,2006,1294,643,1401,726,598
Meadows / Morningside,Males,13428,3412,2724,676,765,433,574,406,303
Meadows / Morningside,Females,14455,2461,3584,1330,529,210,827,320,295
Mearns,All,10020,1053,2313,1196,1134,972,1464,1121,209
Mearns,Males,5007,746,988,279,713,742,540,644,103
Mearns,Females,5013,307,1325,917,421,230,924,477,106
Mid Argyll,All,5761,507,1443,681,766,513,772,648,183
Mid Argyll,Males,2835,309,584,147,518,363,285,426,95
Mid Argyll,Females,2926,198,859,534,248,150,487,222,88
Mid Berwickshire,All,7687,595,1521,812,1116,656,1391,982,252
Mid Berwickshire,Males,3839,372,676,171,746,459,557,577,115
Mid Berwickshire,Females,3848,223,845,641,370,197,834,405,137
Mid Formartine,All,11708,1621,2933,1567,1168,1073,1423,1000,185
Mid Formartine,Males,5892,1122,1236,339,783,850,494,615,82
Mid Formartine,Females,5816,499,1697,1228,385,223,929,385,103
Mid Galloway,All,7091,356,1216,662,1231,595,1444,960,365
Mid Galloway,Males,3490,243,462,134,845,399,571,559,169
Mid Galloway,Females,3601,113,754,528,386,196,873,401,196
Mid and Upper Nithsdale,All,8932,504,1553,899,1107,776,1841,1351,411
Mid and Upper Nithsdale,Males,4381,324,637,197,777,562,673,800,206
Mid and Upper Nithsdale,Females,4551,180,916,702,330,214,1168,551,205
Midlothian East,All,10611,926,2040,1564,859,850,1745,1488,471
Midlothian East,Males,5099,570,899,392,603,620,623,858,232
Midlothian East,Females,5512,356,1141,1172,256,230,1122,630,239
Midlothian South,All,9634,653,1673,1367,711,868,1720,1552,530
Midlothian South,Males,4647,390,725,347,500,634,625,935,258
Midlothian South,Females,4987,263,948,1020,211,234,1095,617,272
Midlothian West,All,10513,947,2207,1691,867,837,1605,1372,361
Midlothian West,Males,5175,593,991,483,628,592,567,829,191
Midlothian West,Females,5338,354,1216,1208,239,245,1038,543,170
Midstocket / Rosemount,All,12725,2350,2894,1369,468,877,1240,953,348
Midstocket / Rosemount,Males,6482,1456,1251,424,323,651,557,587,165
Midstocket / Rosemount,Females,6243,894,1643,945,145,226,683,366,183
Milngavie,All,9405,1537,2626,1324,747,524,1027,539,242
Milngavie,Males,4486,1004,1087,317,538,380,299,317,132
Milngavie,Females,4919,533,1539,1007,209,144,728,222,110
Monifieth and Sidlaw,All,11870,1496,3386,1783,1092,844,1304,896,227
Monifieth and Sidlaw,Males,5799,961,1422,463,764,635,465,543,111
Monifieth and Sidlaw,Females,6071,535,1964,1320,328,209,839,353,116
Montrose and District,All,11712,757,2433,1326,962,1290,2011,1710,533
Montrose and District,Males,5791,530,1100,310,626,975,742,969,231
Montrose and District,Females,5921,227,1333,1016,336,315,1269,741,302
Mossend and Holytown,All,9893,383,1585,1372,557,970,1899,1852,687
Mossend and Holytown,Males,4844,247,676,379,418,692,703,1153,298
Mossend and Holytown,Females,5049,136,909,993,139,278,1196,699,389
Motherwell North,All,13664,755,2491,1999,770,1238,2387,2223,850
Motherwell North,Males,6722,492,1001,576,571,954,881,1388,406
Motherwell North,Females,6942,263,1490,1423,199,284,1506,835,444
Motherwell South East and Ravenscraig,All,13087,753,2411,1955,620,1061,2277,2130,1015
Motherwell South East and Ravenscraig,Males,6468,500,1036,580,439,801,928,1245,525
Motherwell South East and Ravenscraig,Females,6619,253,1375,1375,181,260,1349,885,490
Motherwell West,All,10610,732,2142,1567,558,881,1753,1582,659
Motherwell West,Males,5090,484,927,435,385,659,675,888,288
Motherwell West,Females,5520,248,1215,1132,173,222,1078,694,371
Murdostoun,All,13959,719,2651,2073,849,1234,2384,2274,903
Murdostoun,Males,6751,471,1077,536,647,946,861,1382,445
Murdostoun,Females,7208,248,1574,1537,202,288,1523,892,458
Musselburgh East and Carberry,All,10803,625,1794,1365,713,834,1830,1529,509
Musselburgh East and Carberry,Males,4918,396,779,332,505,586,608,945,222
Musselburgh East and Carberry,Females,5885,229,1015,1033,208,248,1222,584,287
Musselburgh West,All,7918,687,1725,1473,568,597,1161,840,241
Musselburgh West,Males,3758,424,738,391,419,448,416,510,136
Musselburgh West,Females,4160,263,987,1082,149,149,745,330,105
Na Hearadh agus Ceann a Deas nan Loch,All,1410,74,283,132,242,122,243,223,36
Na Hearadh agus Ceann a Deas nan Loch,Males,753,54,134,40,184,83,67,149,23
Na Hearadh agus Ceann a Deas nan Loch,Females,657,20,149,92,58,39,176,74,13
Nairn,All,8670,739,1924,1037,840,880,1471,1076,287
Nairn,Males,4239,473,847,267,537,631,470,680,125
Nairn,Females,4431,266,1077,770,303,249,1001,396,162
"Neilston, Uplawmoor and Newton Mearns North",All,13237,1769,3451,1858,1077,784,1632,850,536
"Neilston, Uplawmoor and Newton Mearns North",Males,6365,1134,1507,508,739,561,543,508,253
"Neilston, Uplawmoor and Newton Mearns North",Females,6872,635,1944,1350,338,223,1089,342,283
"Netherlee, Stamperland and Williamwood",All,9519,1771,2891,1397,738,441,749,367,189
"Netherlee, Stamperland and Williamwood",Males,4652,1116,1237,362,513,324,250,244,89
"Netherlee, Stamperland and Williamwood",Females,4867,655,1654,1035,225,117,499,123,100
Newlands / Auldburn,All,16704,1742,3228,2071,1048,1069,2523,2048,1499
Newlands / Auldburn,Males,8238,1030,1356,613,813,789,1010,1189,699
Newlands / Auldburn,Females,8466,712,1872,1458,235,280,1513,859,800
Newton Mearns South,All,8948,1937,2662,1163,921,279,615,203,231
Newton Mearns South,Males,4266,1237,1164,230,616,180,157,113,81
Newton Mearns South,Females,4682,700,1498,933,305,99,458,90,150
Nith,All,9795,727,2329,1384,675,834,1645,1197,392
Nith,Males,4805,473,907,378,470,620,705,792,188
Nith,Females,4990,254,1422,1006,205,214,940,405,204
North Berwick Coastal,All,8671,1464,2444,971,951,550,1012,572,209
North Berwick Coastal,Males,4204,988,1042,223,559,396,329,318,95
North Berwick Coastal,Females,4467,476,1402,748,392,154,683,254,114
North Coast and Cumbraes,All,11767,1317,2903,1652,1141,947,1607,1020,433
North Coast and Cumbraes,Males,5666,941,1295,385,743,657,489,567,218
North Coast and Cumbraes,Females,6101,376,1608,1267,398,290,1118,453,215
North East D,All,11296,379,1725,1408,591,996,2308,2155,941
North East D,Males,5305,226,693,343,429,724,838,1197,476
North East D,Females,5991,153,1032,1065,162,272,1470,958,465
North East G,All,24440,894,3136,2828,1252,2001,4791,4908,2754
North East G,Males,11321,517,1203,715,992,1373,1778,2538,1334
North East G,Females,13119,377,1933,2113,260,628,3013,2370,1420
Orkney Islands,All,1733,93,294,116,527,122,334,139,54
Orkney Islands,Males,889,61,128,32,363,74,119,67,20
Orkney Islands,Females,844,32,166,84,164,48,215,72,34
Shetland Islands,All,2028,77,421,146,290,225,448,323,32
Shetland Islands,Males,1053,46,214,31,223,160,137,190,18
Shetland Islands,Females,975,31,207,115,67,65,311,133,14
North Kincardine,All,10652,1321,2567,1682,817,967,1410,937,203
North Kincardine,Males,5282,904,1192,383,544,745,433,626,97
North Kincardine,Females,5370,417,1375,1299,273,222,977,311,106
North West Dumfries,All,10313,445,1561,1153,651,925,2235,1978,740
North West Dumfries,Males,4982,281,633,308,476,625,866,1165,346
North West Dumfries,Females,5331,164,928,845,175,300,1369,813,394
"North, West and Central Sutherland",All,4601,299,910,436,847,467,750,560,136
"North, West and Central Sutherland",Males,2367,210,408,105,564,336,250,334,66
"North, West and Central Sutherland",Females,2234,89,502,331,283,131,500,226,70
Northfield,All,12589,393,1519,1382,542,1372,2621,3103,760
Northfield,Males,6033,242,658,329,391,983,977,1742,317
Northfield,Females,6556,151,861,1053,151,389,1644,1361,443
Oban North and Lorn,All,7283,619,1603,745,1209,676,1144,777,168
Oban North and Lorn,Males,3596,388,699,164,791,472,370,473,73
Oban North and Lorn,Females,3687,231,904,581,418,204,774,304,95
Oban South and the Isles,All,7586,425,1600,707,1217,724,1339,1004,209
Oban South and the Isles,Males,3665,248,646,185,814,513,397,602,102
Oban South and the Isles,Females,3921,177,954,522,403,211,942,402,107
Paisley East and Ralston,All,13066,1231,3050,2058,710,992,1759,1352,663
Paisley East and Ralston,Males,6598,772,1327,610,540,742,755,818,386
Paisley East and Ralston,Females,6468,459,1723,1448,170,250,1004,534,277
Paisley North West,All,14909,801,2582,1852,748,1252,2402,2389,1346
Paisley North West,Males,7377,513,1113,530,570,876,960,1345,700
Paisley North West,Females,7532,288,1469,1322,178,376,1442,1044,646
Paisley South,All,13750,1049,2866,2113,728,1123,2262,1767,667
Paisley South,Males,6506,680,1105,557,543,833,885,1034,326
Paisley South,Females,7244,369,1761,1556,185,290,1377,733,341
Paisley South West,All,12235,801,2523,1965,659,1034,2032,1727,653
Paisley South West,Males,5824,511,1057,488,512,758,773,999,341
Paisley South West,Females,6411,290,1466,1477,147,276,1259,728,312
Partick West,All,26031,4591,6518,2706,1240,1225,2347,1802,1250
Partick West,Males,12730,2552,2799,918,893,863,1050,1059,612
Partick West,Females,13301,2039,3719,1788,347,362,1297,743,638
Penicuik,All,10380,897,2260,1809,739,838,1657,1212,332
Penicuik,Males,5024,587,988,499,539,619,597,714,168
Penicuik,Females,5356,310,1272,1310,200,219,1060,498,164
Pentland Hills,All,17709,2405,3915,2567,1185,918,1960,1308,589
Pentland Hills,Males,8854,1552,1723,662,838,681,670,748,306
Pentland Hills,Females,8855,853,2192,1905,347,237,1290,560,283
Perth City Centre,All,12163,917,2211,1457,841,1087,2120,1931,715
Perth City Centre,Males,6469,599,952,476,572,803,899,1224,455
Perth City Centre,Females,5694,318,1259,981,269,284,1221,707,260
Perth City North,All,12663,645,2244,1738,727,1264,2445,2168,621
Perth City North,Males,6130,428,932,501,498,924,850,1296,292
Perth City North,Females,6533,217,1312,1237,229,340,1595,872,329
Perth City South,All,10187,1313,2735,1697,794,696,1266,840,229
Perth City South,Males,4884,881,1134,474,525,508,442,522,105
Perth City South,Females,5303,432,1601,1223,269,188,824,318,124
Peterhead North and Rattray,All,11689,537,1900,1158,1021,1430,2197,2323,481
Peterhead North and Rattray,Males,5833,390,874,255,710,1121,765,1265,199
Peterhead North and Rattray,Females,5856,147,1026,903,311,309,1432,1058,282
Peterhead South and Cruden,All,8894,525,1593,1057,700,1066,1714,1507,285
Peterhead South and Cruden,Males,4451,369,733,309,482,819,542,873,136
Peterhead South and Cruden,Females,4443,156,860,748,218,247,1172,634,149
Pollokshields,All,17152,2714,4135,1801,1391,796,1629,983,1745
Pollokshields,Males,8676,1530,1902,655,1056,603,756,594,524
Pollokshields,Females,8476,1184,2233,1146,335,193,873,389,1221
Portobello / Craigmillar,All,18435,1626,3573,2347,1396,1265,2927,2452,1359
Portobello / Craigmillar,Males,8851,957,1521,684,974,896,1093,1374,647
Portobello / Craigmillar,Females,9584,669,2052,1663,422,369,1834,1078,712
Preston / Seton / Gosford,All,12996,964,2708,2020,1054,1175,2149,1710,529
Preston / Seton / Gosford,Males,6358,602,1158,550,749,892,737,1054,275
Preston / Seton / Gosford,Females,6638,362,1550,1470,305,283,1412,656,254
Prestwick,All,11280,1010,2918,1651,824,1090,1634,1002,399
Prestwick,Males,5425,692,1270,445,549,817,508,599,195
Prestwick,Females,5855,318,1648,1206,275,273,1126,403,204
Renfrew North,All,9886,704,2007,1626,544,957,1612,1250,477
Renfrew North,Males,4857,474,897,431,413,730,589,760,235
Renfrew North,Females,5029,230,1110,1195,131,227,1023,490,242
Renfrew South and Gallowhill,All,10833,513,1860,1665,489,1060,2133,1734,655
Renfrew South and Gallowhill,Males,5063,312,794,399,390,770,827,955,317
Renfrew South and Gallowhill,Females,5770,201,1066,1266,99,290,1306,779,338
Rosyth,All,11060,655,1999,1993,590,1093,1978,1574,523
Rosyth,Males,5520,442,947,680,389,797,731,999,242
Rosyth,Females,5540,213,1052,1313,201,296,1247,575,281
Rutherglen Central and North,All,10221,474,1849,1638,621,859,1782,1600,716
Rutherglen Central and North,Males,4987,279,728,473,508,623,669,980,394
Rutherglen Central and North,Females,5234,195,1121,1165,113,236,1113,620,322
Rutherglen South,All,10661,954,2103,1550,712,796,1748,1479,573
Rutherglen South,Males,5042,585,842,401,520,584,649,818,275
Rutherglen South,Females,5619,369,1261,1149,192,212,1099,661,298
Saltcoats and Stevenston,All,15208,534,2287,1722,865,1665,2862,2604,1502
Saltcoats and Stevenston,Males,7300,355,986,446,613,1230,958,1466,725
Saltcoats and Stevenston,Females,7908,179,1301,1276,252,435,1904,1138,777
Selkirkshire,All,7192,520,1576,927,905,600,1122,958,247
Selkirkshire,Males,3537,347,633,257,605,448,401,566,124
Selkirkshire,Females,3655,173,943,670,300,152,721,392,123
Sgir'Uige agus Ceann a Tuath nan Loch,All,2531,179,571,258,351,229,387,342,99
Sgir'Uige agus Ceann a Tuath nan Loch,Males,1294,117,213,64,279,174,111,232,58
Sgir'Uige agus Ceann a Tuath nan Loch,Females,1237,62,358,194,72,55,276,110,41
Sgire an Rubha,All,1860,122,494,243,146,175,314,246,24
Sgire an Rubha,Males,935,74,215,68,99,138,100,181,16
Sgire an Rubha,Females,925,48,279,175,47,37,214,65,8
Shetland Central,All,2308,142,522,254,247,243,422,342,36
Shetland Central,Males,1193,90,249,61,175,170,139,241,20
Shetland Central,Females,1115,52,273,193,72,73,283,101,16
Shetland North,All,2461,139,473,240,217,334,495,381,57
Shetland North,Males,1288,98,228,51,153,247,171,242,30
Shetland North,Females,1173,41,245,189,64,87,324,139,27
Shetland South,All,2553,196,602,282,248,291,481,312,29
Shetland South,Males,1297,132,264,82,163,220,158,217,9
Shetland South,Females,1256,64,338,200,85,71,323,95,20
Shetland West,All,1879,135,401,189,230,198,335,266,30
Shetland West,Males,968,85,194,31,165,142,100,189,19
Shetland West,Females,911,50,207,158,65,56,235,77,11
Shettleston,All,20444,868,3024,2607,1301,1747,3911,3697,1758
Shettleston,Males,9825,503,1224,704,1049,1216,1438,2150,849
Shettleston,Females,10619,365,1800,1903,252,531,2473,1547,909
Sighthill / Gorgie,All,29916,2264,4746,4000,1337,2340,4873,4229,2113
Sighthill / Gorgie,Males,15625,1369,2232,1383,1021,1652,2160,2458,1085
Sighthill / Gorgie,Females,14291,895,2514,2617,316,688,2713,1771,1028
South Kintyre,All,5317,231,977,639,796,497,921,799,233
South Kintyre,Males,2644,150,410,135,558,365,337,471,108
South Kintyre,Females,2673,81,567,504,238,132,584,328,125
Southside / Newington,All,27194,4197,4528,1924,1192,793,1619,1088,861
Southside / Newington,Males,13177,2508,1939,627,759,554,694,600,388
Southside / Newington,Females,14017,1689,2589,1297,433,239,925,488,473
Southside Central,All,22739,1387,3621,2406,1132,1674,3617,3436,2662
Southside Central,Males,12065,848,1673,929,869,1221,1674,1910,1150
Southside Central,Females,10674,539,1948,1477,263,453,1943,1526,1512
Speyside Glenlivet,All,6997,442,1222,696,943,832,1364,1011,181
Speyside Glenlivet,Males,3489,296,504,139,624,593,571,564,80
Speyside Glenlivet,Females,3508,146,718,557,319,239,793,447,101
Springburn,All,16233,479,1723,1683,589,1249,3232,3077,2561
Springburn,Males,7774,291,679,471,453,907,1345,1627,1172
Springburn,Females,8459,188,1044,1212,136,342,1887,1450,1389
St Andrews,All,15234,1348,1743,771,698,600,968,768,237
St Andrews,Males,7027,884,711,187,455,406,338,388,117
St Andrews,Females,8207,464,1032,584,243,194,630,380,120
Steòrnabhagh a Deas,All,2764,214,580,339,252,248,449,420,92
Steòrnabhagh a Deas,Males,1366,149,240,94,171,184,152,250,52
Steòrnabhagh a Deas,Females,1398,65,340,245,81,64,297,170,40
Steòrnabhagh a Tuath,All,2778,146,556,361,239,257,476,468,105
Steòrnabhagh a Tuath,Males,1354,97,228,93,169,189,143,302,56
Steòrnabhagh a Tuath,Females,1424,49,328,268,70,68,333,166,49
Stirling East,All,10212,743,2019,1389,654,902,1632,1425,510
Stirling East,Males,4949,467,847,393,448,668,564,856,250
Stirling East,Females,5263,276,1172,996,206,234,1068,569,260
Stirling West,All,8480,1252,2189,1010,674,545,974,818,325
Stirling West,Males,4061,804,914,233,431,378,310,497,161
Stirling West,Females,4419,448,1275,777,243,167,664,321,164
Stonehaven and Lower Deeside,All,11447,1631,2858,1499,1027,940,1505,1007,240
Stonehaven and Lower Deeside,Males,5611,1138,1259,318,677,721,492,583,108
Stonehaven and Lower Deeside,Females,5836,493,1599,1181,350,219,1013,424,132
Stranraer and North Rhins,All,7037,254,1095,724,812,704,1490,1197,429
Stranraer and North Rhins,Males,3370,150,448,190,545,495,492,713,195
Stranraer and North Rhins,Females,3667,104,647,534,267,209,998,484,234
Strathallan,All,7151,813,1718,761,976,634,987,740,156
Strathallan,Males,3470,520,711,150,647,433,348,443,67
Strathallan,Females,3681,293,1007,611,329,201,639,297,89
Strathearn,All,7649,755,1802,764,923,740,1175,833,206
Strathearn,Males,3730,523,771,160,599,497,377,500,87
Strathearn,Females,3919,232,1031,604,324,243,798,333,119
Strathkelvin,All,15139,1372,3466,2422,1141,1229,2131,1772,575
Strathkelvin,Males,7197,795,1492,597,856,920,734,1074,275
Strathkelvin,Females,7942,577,1974,1825,285,309,1397,698,300
Strathmartine,All,14151,566,2523,1936,769,1263,2561,2529,971
Strathmartine,Males,6645,346,944,500,591,927,956,1416,497
Strathmartine,Females,7506,220,1579,1436,178,336,1605,1113,474
Strathmore,All,10800,997,2476,1359,1239,971,1706,1247,301
Strathmore,Males,5242,646,1009,319,827,671,596,792,141
Strathmore,Females,5558,351,1467,1040,412,300,1110,455,160
Strathtay,All,7082,732,1677,888,946,656,951,730,163
Strathtay,Males,3511,473,733,196,640,462,320,427,87
Strathtay,Females,3571,259,944,692,306,194,631,303,76
Stromness and South Isles,All,2113,135,455,159,313,228,380,296,56
Stromness and South Isles,Males,1052,73,207,36,200,165,140,161,24
Stromness and South Isles,Females,1061,62,248,123,113,63,240,135,32
Tain and Easter Ross,All,6808,399,1303,802,790,693,1239,965,312
Tain and Easter Ross,Males,3320,263,536,171,556,498,390,619,143
Tain and Easter Ross,Females,3488,136,767,631,234,195,849,346,169
Tay Bridgehead,All,10436,1474,2885,1527,723,734,1237,880,263
Tay Bridgehead,Males,5177,938,1337,570,470,495,419,491,120
Tay Bridgehead,Females,5259,536,1548,957,253,239,818,389,143
The Ferry,All,13780,1960,4125,2129,1008,887,1469,848,349
The Ferry,Males,6540,1253,1698,567,673,658,512,550,170
The Ferry,Females,7240,707,2427,1562,335,229,957,298,179
The Lochs,All,8860,325,1244,1075,473,864,1751,1856,717
The Lochs,Males,4260,212,525,297,329,595,581,1128,356
The Lochs,Females,4600,113,719,778,144,269,1170,728,361
Thorniewood,All,11169,656,1944,1609,683,987,2024,1877,594
Thorniewood,Males,5371,394,839,427,520,694,710,1105,291
Thorniewood,Females,5798,262,1105,1182,163,293,1314,772,303
Thurso,All,5997,512,1274,687,413,693,1068,777,268
Thurso,Males,2959,360,590,189,240,520,336,435,139
Thurso,Females,3038,152,684,498,173,173,732,342,129
Tillydrone / Seaton / Old Aberdeen,All,14802,756,1403,999,438,1016,1754,2042,573
Tillydrone / Seaton / Old Aberdeen,Males,7339,503,651,298,304,732,731,1188,273
Tillydrone / Seaton / Old Aberdeen,Females,7463,253,752,701,134,284,1023,854,300
Torry / Ferryhill,All,17850,2379,3296,1991,782,1649,2566,2523,674
Torry / Ferryhill,Males,9391,1569,1562,648,529,1256,1111,1502,291
Torry / Ferryhill,Females,8459,810,1734,1343,253,393,1455,1021,383
Troon,All,11231,1229,3001,1530,877,963,1521,913,396
Troon,Males,5382,843,1264,413,549,719,478,528,190
Troon,Females,5849,386,1737,1117,328,244,1043,385,206
Trossachs and Teith,All,8421,911,2029,795,1333,677,1192,778,240
Trossachs and Teith,Males,4180,583,850,222,848,489,394,445,131
Trossachs and Teith,Females,4241,328,1179,573,485,188,798,333,109
Troup,All,7643,354,1208,750,1012,827,1456,1334,284
Troup,Males,3806,224,535,142,714,656,449,812,108
Troup,Females,3837,130,673,608,298,171,1007,522,176
Turriff and District,All,8903,680,1641,970,1130,1000,1536,1268,225
Turriff and District,Males,4491,463,753,191,751,788,503,765,94
Turriff and District,Females,4412,217,888,779,379,212,1033,503,131
Tweeddale East,All,7479,917,1975,899,848,523,1012,763,186
Tweeddale East,Males,3622,640,822,240,568,344,328,432,84
Tweeddale East,Females,3857,277,1153,659,280,179,684,331,102
Tweeddale West,All,7049,1066,1711,700,887,516,919,629,236
Tweeddale West,Males,3434,671,707,152,586,358,304,342,131
Tweeddale West,Females,3615,395,1004,548,301,158,615,287,105
Upper Braes,All,12045,1044,2677,1623,1041,1073,1795,1529,504
Upper Braes,Males,5885,672,1201,385,701,851,581,939,237
Upper Braes,Females,6160,372,1476,1238,340,222,1214,590,267
West End,All,17354,1811,2516,1260,594,648,1346,952,703
West End,Males,8411,1056,1051,412,406,446,575,568,367
West End,Females,8943,755,1465,848,188,202,771,384,336
West Fife and Coastal Villages,All,13645,1173,2973,1834,1038,1227,2114,1861,609
West Fife and Coastal Villages,Males,6667,796,1309,473,652,910,719,1118,303
West Fife and Coastal Villages,Females,6978,377,1664,1361,386,317,1395,743,306
West Garioch,All,8525,1064,2014,1014,918,861,1075,938,140
West Garioch,Males,4258,726,856,207,618,656,341,567,56
West Garioch,Females,4267,338,1158,807,300,205,734,371,84
West Mainland,All,3251,236,693,288,657,287,541,356,62
West Mainland,Males,1630,140,278,59,420,208,178,262,27
West Mainland,Females,1621,96,415,229,237,79,363,94,35
"Wester Ross, Strathpeffer and Lochalsh",All,9007,722,1876,880,1631,912,1349,1011,232
"Wester Ross, Strathpeffer and Lochalsh",Males,4519,492,795,232,1055,610,428,619,107
"Wester Ross, Strathpeffer and Lochalsh",Females,4488,230,1081,648,576,302,921,392,125
Westhill and District,All,10870,1827,2955,1659,864,770,1175,654,151
Westhill and District,Males,5320,1286,1301,359,554,622,379,398,50
Westhill and District,Females,5550,541,1654,1300,310,148,796,256,101
Whitburn and Blackburn,All,14877,680,2241,2042,876,1420,2891,3061,835
Whitburn and Blackburn,Males,7138,442,1000,494,618,1005,1030,1817,379
Whitburn and Blackburn,Females,7739,238,1241,1548,258,415,1861,1244,456
Wick,All,5646,272,960,653,481,596,1112,918,389
Wick,Males,2785,196,420,174,329,460,344,565,185
Wick,Females,2861,76,540,479,152,136,768,353,204
Wigtown West,All,6716,244,1059,662,1159,592,1353,979,336
Wigtown West,Males,3319,144,423,148,796,425,512,587,141
Wigtown West,Females,3397,100,636,514,363,167,841,392,195
Wishaw,All,14137,686,2548,1973,804,1300,2595,2408,939
Wishaw,Males,6874,458,980,547,599,946,938,1525,458
Wishaw,Females,7263,228,1568,1426,205,354,1657,883,481
